Frame #,Timestamp,Corner Vectors
1,0:00.03,
8,0:00.27,
15,0:00.50,
23,0:00.77,
30,0:01.00,
38,0:01.27,
45,0:01.50,
53,0:01.77,
60,0:02.00,
68,0:02.27,
75,0:02.50,
83,0:02.77,
90,0:03.00,
98,0:03.27,
105,0:03.50,
113,0:03.77,
120,0:04.00,
128,0:04.27,
135,0:04.50,
143,0:04.77,
150,0:05.00,
158,0:05.27,
165,0:05.51,
173,0:05.77,
180,0:06.01,
188,0:06.27,
195,0:06.51,
203,0:06.77,
210,0:07.01,
218,0:07.27,
225,0:07.51,
233,0:07.77,
240,0:08.01,
248,0:08.28,
255,0:08.51,
263,0:08.78,
270,0:09.01,
278,0:09.28,
285,0:09.51,
293,0:09.78,
300,0:10.01,
308,0:10.28,
315,0:10.51,
323,0:10.78,
330,0:11.01,
338,0:11.28,
345,0:11.51,
353,0:11.78,
360,0:12.01,
368,0:12.28,
375,0:12.51,
383,0:12.78,
390,0:13.01,
398,0:13.28,
405,0:13.51,
413,0:13.78,
420,0:14.01,
428,0:14.28,
435,0:14.51,
443,0:14.78,
450,0:15.02,
458,0:15.28,
465,0:15.52,
473,0:15.78,
480,0:16.02,
487,0:16.25,
495,0:16.52,
502,0:16.75,
510,0:17.02,
517,0:17.25,
525,0:17.52,
532,0:17.75,
540,0:18.02,
547,0:18.25,
555,0:18.52,
562,0:18.75,
570,0:19.02,
577,0:19.25,
585,0:19.52,
592,0:19.75,
600,0:20.02,
607,0:20.25,
615,0:20.52,
622,0:20.75,
630,0:21.02,
637,0:21.25,"TL (0, 0); TR (0, 0); BR (0, 0); BL (0, 0)"
645,0:21.52,"TL (0, 0); TR (0, 0); BR (0, 0); BL (0, 0)"
652,0:21.75,"TL (0, 0); TR (0, 0); BR (0, 0); BL (0, 0)"
660,0:22.02,"TL (0, 0); TR (0, 0); BR (0, 0); BL (0, 0)"
667,0:22.26,"TL (0, 2); TR (-1, 0); BR (1, 1); BL (2, 0)"
675,0:22.52,"TL (0, 0); TR (0, 0); BR (0, 0); BL (0, 0)"
682,0:22.76,"TL (0, 0); TR (0, 0); BR (0, 0); BL (0, 0)"
690,0:23.02,"TL (0, 0); TR (0, 0); BR (0, 0); BL (0, 0)"
697,0:23.26,"TL (0, 0); TR (0, 0); BR (0, 0); BL (0, 0)"
705,0:23.52,"TL (0, 0); TR (0, 0); BR (0, 0); BL (0, 0)"
712,0:23.76,"TL (0, 0); TR (0, 0); BR (0, 0); BL (0, 0)"
720,0:24.02,"TL (-11, -5); TR (-13, 4); BR (-19, 2); BL (-17, -4)"
727,0:24.26,"TL (-1, 2); TR (1, -8); BR (2, -1); BL (2, 0)"
735,0:24.52,"TL (-27, -4); TR (-13, -40); BR (41, -24); BL (32, 0)"
742,0:24.76,"TL (-6, 11); TR (0, -12); BR (11, -8); BL (6, 7)"
750,0:25.02,"TL (0, 0); TR (0, 0); BR (0, 0); BL (0, 0)"
757,0:25.26,"TL (0, 2); TR (-4, -1); BR (0, -1); BL (0, 2)"
765,0:25.53,"TL (0, 0); TR (0, 0); BR (0, 0); BL (0, 0)"
772,0:25.76,"TL (0, 2); TR (-2, 0); BR (1, 0); BL (1, 1)"
780,0:26.03,"TL (-1, 1); TR (1, -1); BR (0, 0); BL (2, 1)"
787,0:26.26,"TL (0, 0); TR (0, 0); BR (0, 0); BL (0, 0)"
795,0:26.53,"TL (0, 2); TR (1, 0); BR (1, 1); BL (0, 0)"
802,0:26.76,"TL (-2, 2); TR (0, 0); BR (2, 2); BL (1, 2)"
810,0:27.03,"TL (0, 0); TR (0, 0); BR (0, 0); BL (0, 0)"
817,0:27.26,"TL (0, 0); TR (0, 0); BR (0, 0); BL (0, 0)"
825,0:27.53,"TL (0, 0); TR (0, 0); BR (0, 0); BL (0, 0)"
832,0:27.76,"TL (-1, -1); TR (0, 0); BR (5, 0); BL (6, 0)"
840,0:28.03,"TL (-2, -1); TR (0, 0); BR (3, 0); BL (1, 0)"
847,0:28.26,"TL (0, 0); TR (0, 0); BR (0, 0); BL (0, 0)"
855,0:28.53,"TL (0, 0); TR (0, 0); BR (0, 0); BL (0, 0)"
862,0:28.76,"TL (0, 0); TR (0, 0); BR (0, 0); BL (0, 0)"
870,0:29.03,"TL (1, -2); TR (3, 0); BR (1, 2); BL (3, -3)"
877,0:29.26,"TL (0, 0); TR (0, 0); BR (0, 0); BL (0, 0)"
885,0:29.53,"TL (0, -2); TR (2, 0); BR (0, -2); BL (-1, -1)"
892,0:29.76,"TL (0, 0); TR (0, 0); BR (0, 0); BL (0, 0)"
900,0:30.03,"TL (0, 0); TR (0, 0); BR (0, 0); BL (0, 0)"
907,0:30.26,"TL (0, 0); TR (0, 0); BR (0, 0); BL (0, 0)"
915,0:30.53,"TL (0, 0); TR (0, 0); BR (0, 0); BL (0, 0)"
922,0:30.76,"TL (0, 0); TR (0, 0); BR (0, 0); BL (0, 0)"
930,0:31.03,"TL (3, 0); TR (2, 0); BR (0, 0); BL (2, 0)"
937,0:31.27,"TL (-1, -1); TR (0, -3); BR (1, -2); BL (-1, 0)"
945,0:31.53,"TL (-1, -1); TR (0, -1); BR (0, -2); BL (1, 0)"
952,0:31.77,"TL (0, 0); TR (0, 0); BR (0, 0); BL (0, 0)"
960,0:32.03,"TL (0, 0); TR (0, 0); BR (0, 0); BL (0, 0)"
967,0:32.27,"TL (0, 0); TR (0, 0); BR (0, 0); BL (0, 0)"
975,0:32.53,"TL (0, 0); TR (0, 0); BR (0, 0); BL (0, 0)"
982,0:32.77,"TL (0, 0); TR (0, 0); BR (0, 0); BL (0, 0)"
989,0:33.00,"TL (1, -4); TR (1, 0); BR (1, 1); BL (-1, -2)"
997,0:33.27,"TL (8, -2); TR (4, 2); BR (0, 0); BL (-2, -2)"
1004,0:33.50,"TL (0, 0); TR (0, 0); BR (0, 0); BL (0, 0)"
1012,0:33.77,"TL (0, 0); TR (0, 0); BR (0, 0); BL (0, 0)"
1019,0:34.00,"TL (-2, 0); TR (3, -7); BR (4, -3); BL (6, 1)"
1027,0:34.27,"TL (-1, -1); TR (1, -5); BR (5, -2); BL (5, -1)"
1034,0:34.50,"TL (0, 0); TR (0, 0); BR (0, 0); BL (0, 0)"
1042,0:34.77,"TL (13, -10); TR (7, 2); BR (-2, 0); BL (-4, -8)"
1049,0:35.00,"TL (0, 0); TR (0, 0); BR (0, 0); BL (0, 0)"
1057,0:35.27,"TL (0, 0); TR (0, 0); BR (0, 0); BL (0, 0)"
1064,0:35.50,"TL (0, 0); TR (0, 0); BR (0, 0); BL (0, 0)"
1072,0:35.77,"TL (0, 0); TR (0, 0); BR (0, 0); BL (0, 0)"
1079,0:36.00,"TL (0, 0); TR (0, 0); BR (0, 0); BL (0, 0)"
1087,0:36.27,"TL (0, 0); TR (0, 0); BR (0, 0); BL (0, 0)"
1094,0:36.50,"TL (0, 0); TR (0, 0); BR (0, 0); BL (0, 0)"
1102,0:36.77,"TL (0, 0); TR (0, 0); BR (0, 0); BL (0, 0)"
1109,0:37.00,"TL (1, -1); TR (3, -1); BR (0, -1); BL (1, -1)"
1117,0:37.27,"TL (4, 0); TR (2, 2); BR (-1, 0); BL (-1, 1)"
1124,0:37.50,"TL (0, 0); TR (0, 0); BR (0, 0); BL (0, 0)"
1132,0:37.77,"TL (3, 0); TR (2, 1); BR (0, 2); BL (0, 0)"
1139,0:38.01,"TL (12, -6); TR (9, 2); BR (4, -1); BL (7, -3)"
1147,0:38.27,"TL (1, 0); TR (2, 0); BR (-1, 1); BL (-3, 0)"
1154,0:38.51,"TL (0, 0); TR (0, 0); BR (0, 0); BL (0, 0)"
1162,0:38.77,"TL (0, 0); TR (0, 0); BR (0, 0); BL (0, 0)"
1169,0:39.01,"TL (0, 0); TR (0, 0); BR (0, 0); BL (0, 0)"
1177,0:39.27,"TL (0, 0); TR (0, 0); BR (0, 0); BL (0, 0)"
1184,0:39.51,"TL (0, 0); TR (0, 0); BR (0, 0); BL (0, 0)"
1192,0:39.77,"TL (-2, 1); TR (1, -4); BR (5, -2); BL (4, 1)"
1199,0:40.01,"TL (0, 0); TR (0, 0); BR (0, 0); BL (0, 0)"
1207,0:40.27,"TL (0, 0); TR (1, -1); BR (2, 0); BL (1, 0)"
1214,0:40.51,"TL (0, 0); TR (0, 0); BR (0, 0); BL (0, 0)"
1222,0:40.77,"TL (0, 0); TR (0, 0); BR (0, 0); BL (0, 0)"
1229,0:41.01,"TL (0, 0); TR (0, 0); BR (0, 0); BL (0, 0)"
1237,0:41.27,"TL (0, 0); TR (0, 0); BR (0, 0); BL (0, 0)"
1244,0:41.51,"TL (2, -2); TR (1, 0); BR (-2, -1); BL (-1, 0)"
1252,0:41.77,"TL (1, -1); TR (2, 0); BR (-1, -1); BL (0, -2)"
1259,0:42.01,"TL (2, -6); TR (1, -2); BR (-2, -2); BL (-1, -4)"
1267,0:42.28,"TL (0, 0); TR (0, 0); BR (0, 0); BL (0, 0)"
1274,0:42.51,"TL (29, -6); TR (22, 21); BR (-21, 12); BL (-16, -7)"
1282,0:42.78,"TL (2, -1); TR (-1, 4); BR (-1, 2); BL (-2, 0)"
1289,0:43.01,"TL (5, 14); TR (-1, 23); BR (-7, 15); BL (-5, 7)"
1297,0:43.28,"TL (1, 0); TR (1, 1); BR (2, 0); BL (3, 1)"
1304,0:43.51,"TL (1, 2); TR (1, -1); BR (4, 0); BL (4, 1)"
1312,0:43.78,"TL (-1, 6); TR (2, -12); BR (3, -6); BL (3, 4)"
1319,0:44.01,"TL (-5, 0); TR (-2, -2); BR (16, -2); BL (13, -1)"
1327,0:44.28,"TL (0, 0); TR (0, 0); BR (0, 0); BL (0, 0)"
1334,0:44.51,"TL (-3, 3); TR (-1, -3); BR (6, -1); BL (5, 5)"
1342,0:44.78,"TL (-2, 1); TR (2, -6); BR (8, -4); BL (6, 0)"
1349,0:45.01,"TL (0, 0); TR (0, 0); BR (0, 0); BL (0, 0)"
1357,0:45.28,"TL (0, 0); TR (0, 0); BR (0, 0); BL (0, 0)"
1364,0:45.51,"TL (-1, -1); TR (-1, -1); BR (1, 0); BL (2, 1)"
1372,0:45.78,"TL (0, 0); TR (0, 0); BR (0, 0); BL (0, 0)"
1379,0:46.01,"TL (0, 0); TR (0, 0); BR (0, 0); BL (0, 0)"
1387,0:46.28,"TL (-1, 3); TR (2, -3); BR (2, 0); BL (1, -1)"
1394,0:46.51,"TL (-2, 1); TR (0, -2); BR (3, -2); BL (2, 2)"
1402,0:46.78,"TL (0, 0); TR (0, 0); BR (0, 0); BL (0, 0)"
1409,0:47.01,"TL (-2, 0); TR (-2, 0); BR (1, 0); BL (1, 0)"
1417,0:47.28,"TL (0, 0); TR (0, 0); BR (0, 0); BL (0, 0)"
1424,0:47.51,"TL (-1, 2); TR (1, -2); BR (2, 0); BL (1, 0)"
1432,0:47.78,"TL (-1, 1); TR (-2, -1); BR (1, -1); BL (1, 1)"
1439,0:48.02,"TL (2, -5); TR (-4, 5); BR (-4, 0); BL (-1, 1)"
1447,0:48.28,"TL (13, -6); TR (9, 8); BR (-10, 4); BL (-5, -8)"
1454,0:48.52,"TL (0, 0); TR (0, 0); BR (0, 0); BL (0, 0)"
1462,0:48.78,"TL (0, 0); TR (0, 0); BR (0, 0); BL (0, 0)"
1469,0:49.02,"TL (1, -1); TR (0, 1); BR (-1, 1); BL (-2, 0)"
1477,0:49.28,"TL (0, 0); TR (0, 0); BR (0, 0); BL (0, 0)"
1484,0:49.52,"TL (0, 0); TR (0, 0); BR (0, 0); BL (0, 0)"
1491,0:49.75,"TL (0, 0); TR (0, 0); BR (0, 0); BL (0, 0)"
1499,0:50.02,"TL (0, 0); TR (0, 0); BR (0, 0); BL (0, 0)"
1506,0:50.25,"TL (0, 0); TR (0, 0); BR (0, 0); BL (0, 0)"
1514,0:50.52,"TL (0, 0); TR (0, 0); BR (0, 0); BL (0, 0)"
1521,0:50.75,"TL (0, 0); TR (0, 0); BR (0, 0); BL (0, 0)"
1529,0:51.02,"TL (0, 0); TR (0, 0); BR (0, 0); BL (0, 0)"
1536,0:51.25,"TL (0, 0); TR (0, 0); BR (0, 0); BL (0, 0)"
1544,0:51.52,"TL (0, 0); TR (0, 0); BR (0, 0); BL (0, 0)"
1551,0:51.75,"TL (0, 0); TR (0, 0); BR (0, 0); BL (0, 0)"
1559,0:52.02,"TL (0, 0); TR (0, 0); BR (0, 0); BL (0, 0)"
1566,0:52.25,"TL (0, 0); TR (0, 0); BR (0, 0); BL (0, 0)"
1574,0:52.52,"TL (-1, -3); TR (3, -3); BR (-2, -3); BL (-2, -2)"
1581,0:52.75,"TL (3, -2); TR (4, 0); BR (0, 2); BL (0, -3)"
1589,0:53.02,"TL (5, 4); TR (-3, 12); BR (0, 7); BL (-9, 4)"
1596,0:53.25,"TL (9, 4); TR (0, 17); BR (-8, 12); BL (-7, 0)"
1604,0:53.52,"TL (1, 0); TR (2, 1); BR (-2, 2); BL (0, 0)"
1611,0:53.75,"TL (0, 0); TR (0, 0); BR (0, 0); BL (0, 0)"
1619,0:54.02,"TL (0, 0); TR (0, 0); BR (0, 0); BL (0, 0)"
1626,0:54.25,"TL (0, 0); TR (0, 0); BR (0, 0); BL (0, 0)"
1634,0:54.52,"TL (0, 0); TR (0, 0); BR (0, 0); BL (0, 0)"
1641,0:54.76,"TL (0, 0); TR (0, 0); BR (0, 0); BL (0, 0)"
1649,0:55.02,"TL (0, 0); TR (0, 0); BR (0, 0); BL (0, 0)"
1656,0:55.26,"TL (0, 0); TR (0, 0); BR (0, 0); BL (0, 0)"
1664,0:55.52,"TL (0, 0); TR (0, 0); BR (0, 0); BL (0, 0)"
1671,0:55.76,"TL (1, -1); TR (1, 0); BR (-1, 2); BL (-1, 1)"
1679,0:56.02,"TL (0, 0); TR (0, 0); BR (0, 0); BL (0, 0)"
1686,0:56.26,"TL (0, 0); TR (0, 0); BR (0, 0); BL (0, 0)"
1694,0:56.52,"TL (0, 0); TR (0, 0); BR (0, 0); BL (0, 0)"
1701,0:56.76,"TL (0, 0); TR (0, 0); BR (0, 0); BL (0, 0)"
1709,0:57.02,"TL (-2, 0); TR (2, -5); BR (-2, -7); BL (3, 1)"
1716,0:57.26,"TL (-1, 0); TR (0, -2); BR (0, -2); BL (2, -1)"
1724,0:57.52,"TL (0, 0); TR (0, 0); BR (0, 0); BL (0, 0)"
1731,0:57.76,"TL (-4, -2); TR (1, -6); BR (0, -6); BL (2, -1)"
1739,0:58.02,"TL (0, 0); TR (0, 0); BR (0, 0); BL (0, 0)"
1746,0:58.26,"TL (-1, 0); TR (-1, -2); BR (2, -1); BL (2, 0)"
1754,0:58.52,"TL (0, 0); TR (0, 0); BR (0, 0); BL (0, 0)"
1761,0:58.76,"TL (-4, 0); TR (-7, 2); BR (3, -1); BL (1, 1)"
1769,0:59.03,"TL (0, 0); TR (0, 0); BR (0, 0); BL (0, 0)"
1776,0:59.26,"TL (0, 0); TR (0, 0); BR (0, 0); BL (0, 0)"
1784,0:59.53,"TL (-1, -2); TR (2, -3); BR (-1, -1); BL (0, -1)"
1791,0:59.76,"TL (0, 0); TR (0, 0); BR (0, 0); BL (0, 0)"
1799,1:00.03,"TL (0, 0); TR (0, 0); BR (0, 0); BL (0, 0)"
1806,1:00.26,"TL (0, 0); TR (0, 0); BR (0, 0); BL (0, 0)"
1814,1:00.53,"TL (2, 7); TR (1, -1); BR (-3, 2); BL (-2, 1)"
1821,1:00.76,"TL (0, 2); TR (0, -3); BR (0, 0); BL (-1, 2)"
1829,1:01.03,"TL (-13, -4); TR (-11, -7); BR (3, -4); BL (3, -1)"
1836,1:01.26,"TL (-2, -1); TR (-1, -1); BR (1, -1); BL (-1, 1)"
1844,1:01.53,"TL (-1, -4); TR (-1, -2); BR (-2, -1); BL (1, 0)"
1851,1:01.76,"TL (3, -2); TR (2, -1); BR (2, -2); BL (-1, -6)"
1859,1:02.03,"TL (0, 0); TR (0, 0); BR (0, 0); BL (0, 0)"
1866,1:02.26,"TL (7, -10); TR (2, 12); BR (-9, 3); BL (-10, -1)"
1874,1:02.53,"TL (19, -7); TR (17, 10); BR (-17, 9); BL (-15, -9)"
1881,1:02.76,"TL (0, 0); TR (0, 0); BR (0, 0); BL (0, 0)"
1889,1:03.03,"TL (1, 0); TR (1, 1); BR (-1, 1); BL (0, -1)"
1896,1:03.26,"TL (8, -2); TR (6, 4); BR (-4, 2); BL (-1, -3)"
1904,1:03.53,"TL (7, -1); TR (7, 7); BR (-4, 5); BL (-4, 1)"
1911,1:03.76,"TL (0, 0); TR (0, 0); BR (0, 0); BL (0, 0)"
1919,1:04.03,"TL (0, 0); TR (0, 0); BR (0, 0); BL (0, 0)"
1926,1:04.26,"TL (0, 0); TR (0, 0); BR (0, 0); BL (0, 0)"
1934,1:04.53,"TL (0, 0); TR (0, 0); BR (0, 0); BL (0, 0)"
1941,1:04.77,"TL (0, 0); TR (0, 0); BR (0, 0); BL (0, 0)"
1949,1:05.03,"TL (0, 0); TR (0, 0); BR (0, 0); BL (0, 0)"
1956,1:05.27,"TL (0, 0); TR (0, 0); BR (0, 0); BL (0, 0)"
1964,1:05.53,"TL (0, 0); TR (0, 0); BR (0, 0); BL (0, 0)"
1971,1:05.77,"TL (0, 0); TR (0, 0); BR (0, 0); BL (0, 0)"
1979,1:06.03,"TL (0, 0); TR (0, 0); BR (0, 0); BL (0, 0)"
1986,1:06.27,"TL (0, 0); TR (0, 0); BR (0, 0); BL (0, 0)"
1993,1:06.50,"TL (0, 0); TR (0, 0); BR (0, 0); BL (0, 0)"
2001,1:06.77,"TL (-2, 0); TR (-2, 2); BR (-1, -1); BL (-1, 1)"
2008,1:07.00,"TL (0, 0); TR (0, 0); BR (0, 0); BL (0, 0)"
2016,1:07.27,"TL (0, 0); TR (0, 0); BR (0, 0); BL (0, 0)"
2023,1:07.50,"TL (-1, -3); TR (0, -3); BR (-1, 0); BL (1, 1)"
2031,1:07.77,"TL (0, 0); TR (0, 0); BR (0, 0); BL (0, 0)"
2038,1:08.00,"TL (0, -1); TR (1, -2); BR (0, -1); BL (1, -1)"
2046,1:08.27,"TL (0, 0); TR (0, 0); BR (0, 0); BL (0, 0)"
2053,1:08.50,"TL (0, 0); TR (0, 0); BR (0, 0); BL (0, 0)"
2061,1:08.77,"TL (0, 0); TR (0, 0); BR (0, 0); BL (0, 0)"
2068,1:09.00,"TL (0, 0); TR (0, 0); BR (0, 0); BL (0, 0)"
2076,1:09.27,"TL (0, 0); TR (0, 0); BR (0, 0); BL (0, 0)"
2083,1:09.50,"TL (1, -1); TR (1, -1); BR (2, 0); BL (0, -1)"
2091,1:09.77,"TL (0, 0); TR (0, 0); BR (0, 0); BL (0, 0)"
2098,1:10.00,"TL (0, 0); TR (0, 0); BR (0, 0); BL (0, 0)"
2106,1:10.27,"TL (0, 2); TR (0, 1); BR (2, 0); BL (1, 1)"
2113,1:10.50,"TL (-4, 7); TR (-6, 4); BR (0, -3); BL (-1, 3)"
2121,1:10.77,"TL (7, -7); TR (6, -6); BR (1, 3); BL (3, -5)"
2128,1:11.00,"TL (1, -1); TR (-1, 5); BR (-1, 4); BL (0, 0)"
2136,1:11.27,"TL (2, 0); TR (-1, 3); BR (-1, 1); BL (-1, 0)"
2143,1:11.50,"TL (1, -2); TR (1, -2); BR (1, 0); BL (4, -2)"
2151,1:11.77,"TL (0, 0); TR (0, 0); BR (0, 0); BL (0, 0)"
2158,1:12.00,"TL (-10, 13); TR (-6, 2); BR (5, -1); BL (-4, 6)"
2166,1:12.27,"TL (-1, 3); TR (-3, 0); BR (-2, 0); BL (-1, 5)"
2173,1:12.51,"TL (0, 0); TR (0, 0); BR (0, 0); BL (0, 0)"
2181,1:12.77,"TL (-2, -1); TR (0, 1); BR (-3, 1); BL (-2, 0)"
2188,1:13.01,"TL (0, 0); TR (0, 0); BR (0, 0); BL (0, 0)"
2196,1:13.27,"TL (0, 0); TR (0, 0); BR (0, 0); BL (0, 0)"
2203,1:13.51,"TL (0, 0); TR (0, 0); BR (0, 0); BL (0, 0)"
2211,1:13.77,"TL (0, 0); TR (0, 0); BR (0, 0); BL (0, 0)"
2218,1:14.01,"TL (0, 0); TR (0, 0); BR (0, 0); BL (0, 0)"
2226,1:14.27,"TL (0, 0); TR (0, 0); BR (0, 0); BL (0, 0)"
2233,1:14.51,"TL (0, 0); TR (0, 0); BR (0, 0); BL (0, 0)"
2241,1:14.78,"TL (0, 0); TR (0, 0); BR (0, 0); BL (0, 0)"
2248,1:15.01,"TL (0, 0); TR (0, 0); BR (0, 0); BL (0, 0)"
2256,1:15.28,"TL (0, 0); TR (0, 0); BR (0, 0); BL (0, 0)"
2263,1:15.51,"TL (0, 0); TR (0, 0); BR (0, 0); BL (0, 0)"
2271,1:15.78,"TL (0, 0); TR (0, 0); BR (0, 0); BL (0, 0)"
2278,1:16.01,"TL (0, 0); TR (0, 0); BR (0, 0); BL (0, 0)"
2286,1:16.28,"TL (0, 0); TR (0, 0); BR (0, 0); BL (0, 0)"
2293,1:16.51,"TL (0, 0); TR (0, 0); BR (0, 0); BL (0, 0)"
2301,1:16.78,"TL (0, 0); TR (0, 0); BR (0, 0); BL (0, 0)"
2308,1:17.01,"TL (0, 0); TR (0, 0); BR (0, 0); BL (0, 0)"
2316,1:17.28,"TL (0, 0); TR (0, 0); BR (0, 0); BL (0, 0)"
2323,1:17.51,"TL (0, 0); TR (0, 0); BR (0, 0); BL (0, 0)"
2331,1:17.78,"TL (0, 0); TR (0, 0); BR (0, 0); BL (0, 0)"
2338,1:18.01,"TL (0, 0); TR (0, 0); BR (0, 0); BL (0, 0)"
2346,1:18.28,"TL (0, 0); TR (0, 0); BR (0, 0); BL (0, 0)"
2353,1:18.51,"TL (0, 0); TR (0, 0); BR (0, 0); BL (0, 0)"
2361,1:18.78,"TL (0, 0); TR (0, 0); BR (0, 0); BL (0, 0)"
2368,1:19.01,"TL (0, 0); TR (0, 0); BR (0, 0); BL (0, 0)"
2376,1:19.28,"TL (0, 0); TR (0, 0); BR (0, 0); BL (0, 0)"
2383,1:19.51,"TL (0, 0); TR (0, 0); BR (0, 0); BL (0, 0)"
2391,1:19.78,"TL (0, 0); TR (0, 0); BR (0, 0); BL (0, 0)"
2398,1:20.01,"TL (0, 0); TR (0, 0); BR (0, 0); BL (0, 0)"
2406,1:20.28,"TL (0, 0); TR (0, 0); BR (0, 0); BL (0, 0)"
2413,1:20.51,"TL (0, 0); TR (0, 0); BR (0, 0); BL (0, 0)"
2421,1:20.78,"TL (0, 0); TR (0, 0); BR (0, 0); BL (0, 0)"
2428,1:21.01,"TL (0, 0); TR (0, 0); BR (0, 0); BL (0, 0)"
2436,1:21.28,"TL (0, 0); TR (0, 0); BR (0, 0); BL (0, 0)"
2443,1:21.52,"TL (0, 0); TR (0, 0); BR (0, 0); BL (0, 0)"
2451,1:21.78,"TL (0, 0); TR (0, 0); BR (0, 0); BL (0, 0)"
2458,1:22.02,"TL (0, 0); TR (0, 0); BR (0, 0); BL (0, 0)"
2466,1:22.28,"TL (0, 0); TR (0, 0); BR (0, 0); BL (0, 0)"
2473,1:22.52,"TL (0, 0); TR (0, 0); BR (0, 0); BL (0, 0)"
2481,1:22.78,"TL (0, 0); TR (0, 0); BR (0, 0); BL (0, 0)"
2488,1:23.02,"TL (0, 0); TR (0, 0); BR (0, 0); BL (0, 0)"
2495,1:23.25,"TL (0, 0); TR (0, 0); BR (0, 0); BL (0, 0)"
2503,1:23.52,"TL (0, 0); TR (0, 0); BR (0, 0); BL (0, 0)"
2510,1:23.75,"TL (0, 0); TR (0, 0); BR (0, 0); BL (0, 0)"
2518,1:24.02,"TL (0, 0); TR (0, 0); BR (0, 0); BL (0, 0)"
2525,1:24.25,"TL (0, 0); TR (0, 0); BR (0, 0); BL (0, 0)"
2533,1:24.52,"TL (-5, 6); TR (-8, 9); BR (-7, -2); BL (-8, 0)"
2540,1:24.75,"TL (-1, 1); TR (0, 1); BR (-1, -3); BL (1, -2)"
2548,1:25.02,"TL (-5, 1); TR (-8, 5); BR (-13, -4); BL (-9, 6)"
2555,1:25.25,"TL (-3, 1); TR (-3, 3); BR (-1, 1); BL (-2, 2)"
2563,1:25.52,"TL (0, 0); TR (1, 0); BR (-2, 3); BL (1, -1)"
2570,1:25.75,"TL (0, 0); TR (0, 0); BR (0, 0); BL (0, 0)"
2578,1:26.02,"TL (0, 0); TR (0, 0); BR (0, 0); BL (0, 0)"
2585,1:26.25,"TL (0, 0); TR (0, 0); BR (0, 0); BL (0, 0)"
2593,1:26.52,"TL (0, 0); TR (0, 0); BR (0, 0); BL (0, 0)"
2600,1:26.75,"TL (0, 0); TR (0, 0); BR (0, 0); BL (0, 0)"
2608,1:27.02,"TL (1, 1); TR (1, 1); BR (0, 5); BL (-1, 0)"
2615,1:27.25,"TL (0, 0); TR (0, 0); BR (0, 0); BL (0, 0)"
2623,1:27.52,"TL (0, 0); TR (0, 0); BR (0, 0); BL (0, 0)"
2630,1:27.75,"TL (0, 0); TR (0, 0); BR (0, 0); BL (0, 0)"
2638,1:28.02,"TL (0, 0); TR (0, 0); BR (0, 0); BL (0, 0)"
2645,1:28.25,"TL (0, 0); TR (0, 0); BR (0, 0); BL (0, 0)"
2653,1:28.52,"TL (0, 0); TR (0, 0); BR (0, 0); BL (0, 0)"
2660,1:28.75,"TL (2, 1); TR (0, 2); BR (1, 2); BL (-1, 1)"
2668,1:29.02,"TL (0, 0); TR (0, 0); BR (0, 0); BL (0, 0)"
2675,1:29.26,"TL (0, 0); TR (0, 0); BR (0, 0); BL (0, 0)"
2683,1:29.52,"TL (0, 0); TR (0, 0); BR (0, 0); BL (0, 0)"
2690,1:29.76,"TL (0, 0); TR (0, 0); BR (0, 0); BL (0, 0)"
2698,1:30.02,"TL (0, 0); TR (0, 0); BR (0, 0); BL (0, 0)"
2705,1:30.26,"TL (1, -1); TR (1, 3); BR (-3, 4); BL (-1, -1)"
2713,1:30.52,"TL (2, 1); TR (1, 1); BR (1, 5); BL (-1, 1)"
2720,1:30.76,"TL (0, 0); TR (0, 0); BR (0, 0); BL (0, 0)"
2728,1:31.02,"TL (0, 0); TR (0, 0); BR (0, 0); BL (0, 0)"
2735,1:31.26,"TL (0, 0); TR (0, 0); BR (0, 0); BL (0, 0)"
2743,1:31.53,"TL (0, 0); TR (0, 0); BR (0, 0); BL (0, 0)"
2750,1:31.76,"TL (0, 0); TR (0, 0); BR (0, 0); BL (0, 0)"
2758,1:32.03,"TL (0, 0); TR (0, 0); BR (0, 0); BL (0, 0)"
2765,1:32.26,"TL (0, 0); TR (0, 0); BR (0, 0); BL (0, 0)"
2773,1:32.53,"TL (0, 0); TR (0, 0); BR (0, 0); BL (0, 0)"
2780,1:32.76,"TL (0, 0); TR (0, 0); BR (0, 0); BL (0, 0)"
2788,1:33.03,"TL (0, 0); TR (0, 0); BR (0, 0); BL (0, 0)"
2795,1:33.26,"TL (0, 0); TR (0, 0); BR (0, 0); BL (0, 0)"
2803,1:33.53,"TL (1, -1); TR (1, 0); BR (-1, 2); BL (1, -1)"
2810,1:33.76,"TL (0, 0); TR (0, 0); BR (0, 0); BL (0, 0)"
2818,1:34.03,"TL (4, 0); TR (2, 10); BR (-6, 5); BL (-6, 0)"
2825,1:34.26,"TL (4, 1); TR (2, 10); BR (-8, 8); BL (-10, -1)"
2833,1:34.53,"TL (0, 1); TR (-2, 4); BR (0, 0); BL (0, -1)"
2840,1:34.76,"TL (0, 0); TR (0, 0); BR (0, 0); BL (0, 0)"
2848,1:35.03,"TL (1, 2); TR (-1, 1); BR (1, 3); BL (-2, 2)"
2855,1:35.26,"TL (0, 0); TR (0, 0); BR (0, 0); BL (0, 0)"
2863,1:35.53,"TL (0, 0); TR (0, 0); BR (0, 0); BL (0, 0)"
2870,1:35.76,"TL (0, 0); TR (0, 0); BR (0, 0); BL (0, 0)"
2878,1:36.03,"TL (0, 0); TR (0, 0); BR (0, 0); BL (0, 0)"
2885,1:36.26,"TL (-1, -1); TR (0, 1); BR (-3, -2); BL (1, -2)"
2893,1:36.53,"TL (0, 0); TR (0, 0); BR (0, 0); BL (0, 0)"
2900,1:36.76,"TL (-2, 4); TR (-1, 2); BR (-4, 5); BL (-1, 3)"
2908,1:37.03,"TL (-4, 4); TR (-7, 9); BR (-4, 6); BL (-6, 7)"
2915,1:37.26,"TL (-2, 1); TR (-1, 0); BR (-1, 0); BL (-1, 2)"
2923,1:37.53,"TL (0, 0); TR (0, 0); BR (0, 0); BL (0, 0)"
2930,1:37.76,"TL (0, 0); TR (0, 0); BR (0, 0); BL (0, 0)"
2938,1:38.03,"TL (0, 0); TR (0, 0); BR (0, 0); BL (0, 0)"
2945,1:38.27,"TL (0, 0); TR (0, 0); BR (0, 0); BL (0, 0)"
2953,1:38.53,"TL (0, 0); TR (0, 0); BR (0, 0); BL (0, 0)"
2960,1:38.77,"TL (0, 0); TR (0, 0); BR (0, 0); BL (0, 0)"
2968,1:39.03,"TL (0, 0); TR (0, 0); BR (0, 0); BL (0, 0)"
2975,1:39.27,"TL (0, -2); TR (1, 1); BR (-6, 0); BL (-1, -1)"
2983,1:39.53,"TL (0, 0); TR (0, 0); BR (0, 0); BL (0, 0)"
2990,1:39.77,"TL (0, 0); TR (0, 0); BR (0, 0); BL (0, 0)"
2997,1:40.00,"TL (0, 0); TR (0, 0); BR (0, 0); BL (0, 0)"
3005,1:40.27,"TL (0, 0); TR (0, 0); BR (0, 0); BL (0, 0)"
3012,1:40.50,"TL (0, 0); TR (0, 0); BR (0, 0); BL (0, 0)"
3020,1:40.77,"TL (0, 0); TR (0, 0); BR (0, 0); BL (0, 0)"
3027,1:41.00,"TL (0, 0); TR (0, 0); BR (0, 0); BL (0, 0)"
3035,1:41.27,"TL (0, 0); TR (0, 0); BR (0, 0); BL (0, 0)"
3042,1:41.50,"TL (0, -2); TR (0, 0); BR (-4, 0); BL (-2, -2)"
3050,1:41.77,"TL (1, -1); TR (1, 1); BR (-3, 1); BL (-1, -1)"
3057,1:42.00,"TL (0, 0); TR (0, 0); BR (0, 0); BL (0, 0)"
3065,1:42.27,"TL (0, 0); TR (0, 0); BR (0, 0); BL (0, 0)"
3072,1:42.50,"TL (0, 1); TR (-1, 1); BR (-1, 1); BL (-2, 1)"
3080,1:42.77,"TL (2, 0); TR (2, 4); BR (-4, 2); BL (-4, 0)"
3087,1:43.00,"TL (0, 0); TR (0, 0); BR (0, 0); BL (0, 0)"
3095,1:43.27,"TL (0, 0); TR (0, 0); BR (0, 0); BL (0, 0)"
3102,1:43.50,"TL (0, 0); TR (0, 0); BR (0, 0); BL (0, 0)"
3110,1:43.77,"TL (0, 0); TR (0, 0); BR (0, 0); BL (0, 0)"
3117,1:44.00,"TL (0, 0); TR (0, 0); BR (0, 0); BL (0, 0)"
3125,1:44.27,"TL (0, 0); TR (0, 0); BR (0, 0); BL (0, 0)"
3132,1:44.50,"TL (0, 0); TR (0, 0); BR (0, 0); BL (0, 0)"
3140,1:44.77,"TL (0, 0); TR (0, 0); BR (0, 0); BL (0, 0)"
3147,1:45.00,"TL (0, 0); TR (0, 0); BR (0, 0); BL (0, 0)"
3155,1:45.27,"TL (0, 0); TR (0, 0); BR (0, 0); BL (0, 0)"
3162,1:45.50,"TL (0, 0); TR (0, 0); BR (0, 0); BL (0, 0)"
3170,1:45.77,"TL (0, 0); TR (0, 0); BR (0, 0); BL (0, 0)"
3177,1:46.01,"TL (-3, 16); TR (-4, -2); BR (17, -1); BL (17, 7)"
3185,1:46.27,"TL (46, -16); TR (52, -54); BR (72, -33); BL (71, -7)"
3192,1:46.51,"TL (0, 0); TR (0, 0); BR (0, 0); BL (0, 0)"
3200,1:46.77,
3207,1:47.01,
3215,1:47.27,
3222,1:47.51,
3230,1:47.77,
3237,1:48.01,
3245,1:48.28,
3252,1:48.51,
3260,1:48.78,
3267,1:49.01,
3275,1:49.28,
3282,1:49.51,
3290,1:49.78,
3297,1:50.01,
3305,1:50.28,
3312,1:50.51,
3320,1:50.78,
3327,1:51.01,
3335,1:51.28,
3342,1:51.51,
3350,1:51.78,
3357,1:52.01,
3365,1:52.28,
3372,1:52.51,
